{
  "TeamsCount": 2,
  "Players": [
    {
      "PlayerID": "ГОЛЭ",
      "Score": 17,
      "Propes": {
        "Boal": 1,
        "Shot": 8,
        "Stamina": 1,
        "Keeper": 7
      }
    },
    {
      "PlayerID": "ХИМИ",
      "Score": 23,
      "Propes": {
        "Boal": 9,
        "Shot": 3,
        "Stamina": 6,
        "Keeper": 5
      }
    },
    {
      "PlayerID": "ГЮГЭ",
      "Score": 13,
      "Propes": {
        "Boal": 6,
        "Shot": 1,
        "Stamina": 3,
        "Keeper": 3
      }
    },
    {
      "PlayerID": "ВЕКЕ",
      "Score": 23,
      "Propes": {
        "Boal": 5,
        "Shot": 4,
        "Stamina": 9,
        "Keeper": 5
      }
    },
    {
      "PlayerID": "КЮМЕ",
      "Score": 18,
      "Propes": {
        "Boal": 2,
        "Shot": 4,
        "Stamina": 6,
        "Keeper": 6
      }
    },
    {
      "PlayerID": "НИВЮ",
      "Score": 26,
      "Propes": {
        "Boal": 1,
        "Shot": 8,
        "Stamina": 8,
        "Keeper": 9
      }
    }
  ]
}