[
  {
    "Name": "А",
    "AvrScore": 18,
    "players": [
      {
        "PlayerID": "ВИВЯ",
        "Score": 27,
        "Propes": {
          "Boal": 9,
          "Shot": 3,
          "Stamina": 9,
          "Keeper": 6
        }
      },
      {
        "PlayerID": "ДЮНА",
        "Score": 22,
        "Propes": {
          "Boal": 9,
          "Shot": 4,
          "Stamina": 8,
          "Keeper": 1
        }
      },
      {
        "PlayerID": "ГЮХЕ",
        "Score": 20,
        "Propes": {
          "Boal": 2,
          "Shot": 5,
          "Stamina": 9,
          "Keeper": 4
        }
      },
      {
        "PlayerID": "КАХЫ",
        "Score": 17,
        "Propes": {
          "Boal": 7,
          "Shot": 7,
          "Stamina": 1,
          "Keeper": 2
        }
      },
      {
        "PlayerID": "ЛЮДА",
        "Score": 13,
        "Propes": {
          "Boal": 2,
          "Shot": 2,
          "Stamina": 3,
          "Keeper": 6
        }
      }
    ],
    "MyWeiths": {
      "Keeper": 1.0,
      "Boal": 1.0,
      "Shot": 1.0,
      "Stamina": 1.0
    },
    "PropsScore": {
      "Boal": 5,
      "Shot": 4,
      "Stamina": 6,
      "Keeper": 3
    }
  },
  {
    "Name": "Б",
    "AvrScore": 16,
    "players": [
      {
        "PlayerID": "ЛЭНА",
        "Score": 25,
        "Propes": {
          "Boal": 9,
          "Shot": 3,
          "Stamina": 6,
          "Keeper": 7
        }
      },
      {
        "PlayerID": "ВЮНЮ",
        "Score": 21,
        "Propes": {
          "Boal": 9,
          "Shot": 1,
          "Stamina": 8,
          "Keeper": 3
        }
      },
      {
        "PlayerID": "КЭНЮ",
        "Score": 20,
        "Propes": {
          "Boal": 1,
          "Shot": 7,
          "Stamina": 9,
          "Keeper": 3
        }
      },
      {
        "PlayerID": "НОГА",
        "Score": 14,
        "Propes": {
          "Boal": 4,
          "Shot": 7,
          "Stamina": 2,
          "Keeper": 1
        }
      },
      {
        "PlayerID": "ВЯМЫ",
        "Score": 8,
        "Propes": {
          "Boal": 3,
          "Shot": 1,
          "Stamina": 3,
          "Keeper": 1
        }
      }
    ],
    "MyWeiths": {
      "Keeper": 1.0,
      "Boal": 1.0,
      "Shot": 1.0,
      "Stamina": 1.0
    },
    "PropsScore": {
      "Boal": 5,
      "Shot": 3,
      "Stamina": 5,
      "Keeper": 3
    }
  }

]